candidate_id	chrom	pos	ref	alt
cand0001	chr11	5225847		CGACTTCTTAACCCAACAGAAGGCTCGAGAAGGTATATTGCTGTTGACAGTGAGCGACAGCTAAAGGTGAAGATATATTAGTGAAGCCACAGATGTAATATATCTTCACCTTTAGCTGGTGCCTACTGCCTCGGACTTCAAGGGGCTAGAATTCG
cand0002	chr11	5225872		CGACTTCTTAACCCAACAGAAGGCTCGAGAAGGTATATTGCTGTTGACAGTGAGCGACAGCTAAAGGTGAAGATATATTAGTGAAGCCACAGATGTAATATATCTTCACCTTTAGCTGGTGCCTACTGCCTCGGACTTCAAGGGGCTAGAATTCG
cand0003	chr11	5225897		CGACTTCTTAACCCAACAGAAGGCTCGAGAAGGTATATTGCTGTTGACAGTGAGCGACAGCTAAAGGTGAAGATATATTAGTGAAGCCACAGATGTAATATATCTTCACCTTTAGCTGGTGCCTACTGCCTCGGACTTCAAGGGGCTAGAATTCG
cand0004	chr11	5225922		CGACTTCTTAACCCAACAGAAGGCTCGAGAAGGTATATTGCTGTTGACAGTGAGCGACAGCTAAAGGTGAAGATATATTAGTGAAGCCACAGATGTAATATATCTTCACCTTTAGCTGGTGCCTACTGCCTCGGACTTCAAGGGGCTAGAATTCG
cand0005	chr11	5225947		CGACTTCTTAACCCAACAGAAGGCTCGAGAAGGTATATTGCTGTTGACAGTGAGCGACAGCTAAAGGTGAAGATATATTAGTGAAGCCACAGATGTAATATATCTTCACCTTTAGCTGGTGCCTACTGCCTCGGACTTCAAGGGGCTAGAATTCG
cand0006	chr11	5225972		CGACTTCTTAACCCAACAGAAGGCTCGAGAAGGTATATTGCTGTTGACAGTGAGCGACAGCTAAAGGTGAAGATATATTAGTGAAGCCACAGATGTAATATATCTTCACCTTTAGCTGGTGCCTACTGCCTCGGACTTCAAGGGGCTAGAATTCG
cand0007	chr11	5225997		CGACTTCTTAACCCAACAGAAGGCTCGAGAAGGTATATTGCTGTTGACAGTGAGCGACAGCTAAAGGTGAAGATATATTAGTGAAGCCACAGATGTAATATATCTTCACCTTTAGCTGGTGCCTACTGCCTCGGACTTCAAGGGGCTAGAATTCG
cand0008	chr11	5226022		CGACTTCTTAACCCAACAGAAGGCTCGAGAAGGTATATTGCTGTTGACAGTGAGCGACAGCTAAAGGTGAAGATATATTAGTGAAGCCACAGATGTAATATATCTTCACCTTTAGCTGGTGCCTACTGCCTCGGACTTCAAGGGGCTAGAATTCG
cand0009	chr11	5226047		CGACTTCTTAACCCAACAGAAGGCTCGAGAAGGTATATTGCTGTTGACAGTGAGCGACAGCTAAAGGTGAAGATATATTAGTGAAGCCACAGATGTAATATATCTTCACCTTTAGCTGGTGCCTACTGCCTCGGACTTCAAGGGGCTAGAATTCG
cand0010	chr11	5226072		CGACTTCTTAACCCAACAGAAGGCTCGAGAAGGTATATTGCTGTTGACAGTGAGCGACAGCTAAAGGTGAAGATATATTAGTGAAGCCACAGATGTAATATATCTTCACCTTTAGCTGGTGCCTACTGCCTCGGACTTCAAGGGGCTAGAATTCG
cand0011	chr11	5226097		CGACTTCTTAACCCAACAGAAGGCTCGAGAAGGTATATTGCTGTTGACAGTGAGCGACAGCTAAAGGTGAAGATATATTAGTGAAGCCACAGATGTAATATATCTTCACCTTTAGCTGGTGCCTACTGCCTCGGACTTCAAGGGGCTAGAATTCG
cand0012	chr11	5226122		CGACTTCTTAACCCAACAGAAGGCTCGAGAAGGTATATTGCTGTTGACAGTGAGCGACAGCTAAAGGTGAAGATATATTAGTGAAGCCACAGATGTAATATATCTTCACCTTTAGCTGGTGCCTACTGCCTCGGACTTCAAGGGGCTAGAATTCG
cand0013	chr11	5226147		CGACTTCTTAACCCAACAGAAGGCTCGAGAAGGTATATTGCTGTTGACAGTGAGCGACAGCTAAAGGTGAAGATATATTAGTGAAGCCACAGATGTAATATATCTTCACCTTTAGCTGGTGCCTACTGCCTCGGACTTCAAGGGGCTAGAATTCG
cand0014	chr11	5226172		CGACTTCTTAACCCAACAGAAGGCTCGAGAAGGTATATTGCTGTTGACAGTGAGCGACAGCTAAAGGTGAAGATATATTAGTGAAGCCACAGATGTAATATATCTTCACCTTTAGCTGGTGCCTACTGCCTCGGACTTCAAGGGGCTAGAATTCG
cand0015	chr11	5226197		CGACTTCTTAACCCAACAGAAGGCTCGAGAAGGTATATTGCTGTTGACAGTGAGCGACAGCTAAAGGTGAAGATATATTAGTGAAGCCACAGATGTAATATATCTTCACCTTTAGCTGGTGCCTACTGCCTCGGACTTCAAGGGGCTAGAATTCG
cand0016	chr11	5226222		CGACTTCTTAACCCAACAGAAGGCTCGAGAAGGTATATTGCTGTTGACAGTGAGCGACAGCTAAAGGTGAAGATATATTAGTGAAGCCACAGATGTAATATATCTTCACCTTTAGCTGGTGCCTACTGCCTCGGACTTCAAGGGGCTAGAATTCG
cand0017	chr11	5226247		CGACTTCTTAACCCAACAGAAGGCTCGAGAAGGTATATTGCTGTTGACAGTGAGCGACAGCTAAAGGTGAAGATATATTAGTGAAGCCACAGATGTAATATATCTTCACCTTTAGCTGGTGCCTACTGCCTCGGACTTCAAGGGGCTAGAATTCG
cand0018	chr11	5226272		CGACTTCTTAACCCAACAGAAGGCTCGAGAAGGTATATTGCTGTTGACAGTGAGCGACAGCTAAAGGTGAAGATATATTAGTGAAGCCACAGATGTAATATATCTTCACCTTTAGCTGGTGCCTACTGCCTCGGACTTCAAGGGGCTAGAATTCG
cand0019	chr11	5226297		CGACTTCTTAACCCAACAGAAGGCTCGAGAAGGTATATTGCTGTTGACAGTGAGCGACAGCTAAAGGTGAAGATATATTAGTGAAGCCACAGATGTAATATATCTTCACCTTTAGCTGGTGCCTACTGCCTCGGACTTCAAGGGGCTAGAATTCG
cand0020	chr11	5226322		CGACTTCTTAACCCAACAGAAGGCTCGAGAAGGTATATTGCTGTTGACAGTGAGCGACAGCTAAAGGTGAAGATATATTAGTGAAGCCACAGATGTAATATATCTTCACCTTTAGCTGGTGCCTACTGCCTCGGACTTCAAGGGGCTAGAATTCG
cand0021	chr11	5226347		CGACTTCTTAACCCAACAGAAGGCTCGAGAAGGTATATTGCTGTTGACAGTGAGCGACAGCTAAAGGTGAAGATATATTAGTGAAGCCACAGATGTAATATATCTTCACCTTTAGCTGGTGCCTACTGCCTCGGACTTCAAGGGGCTAGAATTCG
cand0022	chr11	5226372		CGACTTCTTAACCCAACAGAAGGCTCGAGAAGGTATATTGCTGTTGACAGTGAGCGACAGCTAAAGGTGAAGATATATTAGTGAAGCCACAGATGTAATATATCTTCACCTTTAGCTGGTGCCTACTGCCTCGGACTTCAAGGGGCTAGAATTCG
cand0023	chr11	5226397		CGACTTCTTAACCCAACAGAAGGCTCGAGAAGGTATATTGCTGTTGACAGTGAGCGACAGCTAAAGGTGAAGATATATTAGTGAAGCCACAGATGTAATATATCTTCACCTTTAGCTGGTGCCTACTGCCTCGGACTTCAAGGGGCTAGAATTCG
cand0024	chr11	5226422		CGACTTCTTAACCCAACAGAAGGCTCGAGAAGGTATATTGCTGTTGACAGTGAGCGACAGCTAAAGGTGAAGATATATTAGTGAAGCCACAGATGTAATATATCTTCACCTTTAGCTGGTGCCTACTGCCTCGGACTTCAAGGGGCTAGAATTCG
cand0025	chr11	5226447		CGACTTCTTAACCCAACAGAAGGCTCGAGAAGGTATATTGCTGTTGACAGTGAGCGACAGCTAAAGGTGAAGATATATTAGTGAAGCCACAGATGTAATATATCTTCACCTTTAGCTGGTGCCTACTGCCTCGGACTTCAAGGGGCTAGAATTCG
cand0026	chr11	5226472		CGACTTCTTAACCCAACAGAAGGCTCGAGAAGGTATATTGCTGTTGACAGTGAGCGACAGCTAAAGGTGAAGATATATTAGTGAAGCCACAGATGTAATATATCTTCACCTTTAGCTGGTGCCTACTGCCTCGGACTTCAAGGGGCTAGAATTCG
cand0027	chr11	5226497		CGACTTCTTAACCCAACAGAAGGCTCGAGAAGGTATATTGCTGTTGACAGTGAGCGACAGCTAAAGGTGAAGATATATTAGTGAAGCCACAGATGTAATATATCTTCACCTTTAGCTGGTGCCTACTGCCTCGGACTTCAAGGGGCTAGAATTCG
cand0028	chr11	5226522		CGACTTCTTAACCCAACAGAAGGCTCGAGAAGGTATATTGCTGTTGACAGTGAGCGACAGCTAAAGGTGAAGATATATTAGTGAAGCCACAGATGTAATATATCTTCACCTTTAGCTGGTGCCTACTGCCTCGGACTTCAAGGGGCTAGAATTCG
